"name","domain","max_degree_vertex_uri","max_in_degree_vertex_uri","max_out_degree_vertex_uri","max_pagerank_vertex_uri"
"rkb-explorer-webscience","Cross_domain","<http://rdfs.org/sioc/ns#Post>","<http://rdfs.org/sioc/ns#Post>","<http://webscience.org/WST>","<http://rdfs.org/sioc/ns#Post>"
"polymath-virtual-library","Cross_domain","<http://www.europeana.eu/schemas/edm/Agent>","<http://www.europeana.eu/schemas/edm/Agent>","<http://www.larramendi.es/aut/POLI20090013407>","<http://www.europeana.eu/schemas/edm/Agent>"
"vulnerapedia","Cross_domain","<http://minsky.gsi.dit.upm.es/semanticwiki/index.php/Special:URIResolver/User-3AMITRE>","<http://minsky.gsi.dit.upm.es/semanticwiki/index.php/Special:URIResolver/User-3AMITRE>","<http://minsky.gsi.dit.upm.es/semanticwiki/index.php/Special:URIResolver/Category-3AImproper_Input_Validation>","<http://www.w3.org/2002/07/owl#Class>"
"museums-in-italy","Cross_domain","<http://www.w3.org/2006/vcard/ns#Tel>","<http://www.w3.org/2006/vcard/ns#Tel>","<http://data.linkedopendata.it/musei/resource/Museo_dell%27Ocarina_e_degli_Strumenti_in_Terracotta-Budrio>","<http://www.w3.org/2006/vcard/ns#Tel>"
"nobelprizes","Cross_domain","<http://data.nobelprize.org/terms/AwardFile>","<http://data.nobelprize.org/terms/AwardFile>","<http://data.nobelprize.org/resource/nobelprize/Economic_Sciences/2010>","<http://www.w3.org/2000/01/rdf-schema#Class>"
"lak-dataset","Cross_domain","<http://ns.nature.com/terms/Citation>","<http://ns.nature.com/terms/Citation>","<http://data.linkededucation.org/resource/lak/journal/jla201401/paper/477>","<http://ns.nature.com/terms/Citation>"
"colinda","Cross_domain","<http://swrc.ontoware.org/ontology#Conference>","<http://swrc.ontoware.org/ontology#Conference>","<http://colinda.org/resource/conference/ITS/2010>","<http://swrc.ontoware.org/ontology#Conference>"
"sandrart-net","Cross_domain","<http://erlangen-crm.org/120111/E12_Production>","<http://erlangen-crm.org/120111/E12_Production>","<http://ta.sandrart.net/-person-4>","<http://erlangen-crm.org/120111/E12_Production>"
"imagesnippets","Cross_domain","<https://maxcdn.bootstrapcdn.com/bootstrap/3.3.5/css/bootstrap.min.css>","<https://maxcdn.bootstrapcdn.com/bootstrap/3.3.5/css/bootstrap.min.css>","<https://farm2.staticflickr.com/1381/1400021633_7a50b9ba93_o_d.jpg>","<http://www.imagesnippets.com/imgtag/users/yfcc01@zeroexp.com>"
"educationalprograms_sisvu","Cross_domain","<http://kent.zpr.fer.hr:8080/educationalProgram/classType/P>","<http://www.fer.hr/projekt#CourseInstanceLecturer>","<http://kent.zpr.fer.hr:8080/educationalProgram/classType/P>","<http://www.fer.hr/projekt#CourseInstanceLecturer>"
"muninn-world-war-i","Cross_domain","<http://www.w3.org/2003/01/geo/wgs84_pos#Point>","<http://www.w3.org/2003/01/geo/wgs84_pos#Point>","<http://rdf.muninn-project.org/ww1/2011/11/11/Document/621ed2949ae21ead52668fd975fab642>","<http://www.w3.org/2003/01/geo/wgs84_pos#Point>"
"dbkwik","Cross_domain","<http://xmlns.com/foaf/0.1/Document>","<http://xmlns.com/foaf/0.1/Document>","<http://de.uni-mannheim.de/resource/Warum_wurde_meine_Frage_nach_hier_umgeleitet>","<http://xmlns.com/foaf/0.1/Document>"
"dnb-gemeinsame-normdatei","Cross_domain","<http://d-nb.info/standards/elementset/gnd#UndifferentiatedPerson>","<http://d-nb.info/standards/elementset/gnd#UndifferentiatedPerson>","<http://d-nb.info/gnd/103856302X>","<http://d-nb.info/standards/elementset/gnd#UndifferentiatedPerson>"
"webisalod","Cross_domain","<http://www.w3.org/ns/prov#Entity>","<http://www.w3.org/ns/prov#Entity>","<http://webisa.webdatacommons.org/concept/_people_>","<http://www.w3.org/ns/prov#Entity>"
"dbpedia-en","Cross_domain",,,,
"norwegian-geo-divisions","Geography","<http://vocab.lenka.no/geo-deling#Kommunesenter>","<http://vocab.lenka.no/geo-deling#Kommunesenter>","<http://data.lenka.no/geo/inndeling/18>","<http://vocab.lenka.no/geo-deling#Kommunesenter>"
"fao-geopolitical-ontology","Geography","""2009""^^<http://www.w3.org/2001/XMLSchema#int>","""2009""^^<http://www.w3.org/2001/XMLSchema#int>","<http://www.fao.org/countryprofiles/geoinfo/geopolitical/resource/World>","<http://www.w3.org/2002/07/owl#DatatypeProperty>"
"grrp","Geography","<http://www.w3.org/2006/vcard/ns#Location>","<http://www.w3.org/2006/vcard/ns#Location>","<http://data.linkedopendata.it/grrp/resource/AI_DINELLI_4895>","<http://www.w3.org/2006/vcard/ns#Fax>"
"knoesis-linked-sensor-data","Geography","<http://knoesis.wright.edu/ssw/ont/weather.owl#miles>","<http://knoesis.wright.edu/ssw/ont/weather.owl#miles>","<http://knoesis.wright.edu/ssw/System_ALDM8>","<http://knoesis.wright.edu/ssw/ont/weather.owl#miles>"
"environmental-applications-reference-thesaurus","Geography","<http://www.w3.org/2004/02/skos/core#Concept>","<http://www.w3.org/2004/02/skos/core#Concept>","<http://linkeddata.ge.imati.cnr.it/resource/EARTh/830>","<http://www.w3.org/2004/02/skos/core#Concept>"
"nuts-geovocab","Geography","<http://www.w3.org/1999/02/22-rdf-syntax-ns#nil>","<http://www.w3.org/1999/02/22-rdf-syntax-ns#nil>","<http://nuts.geovocab.org/id/PL>","<http://www.w3.org/1999/02/22-rdf-syntax-ns#nil>"
"grrt","Geography","<http://purl.org/net7/vocab/gracc/v1#LocationOfAccommodationProvisioning>","<http://purl.org/net7/vocab/gracc/v1#LocationOfAccommodationProvisioning>","<http://data.linkedopendata.it/grrt/resource/ARDENE_4819>","<http://purl.org/net7/vocab/gracc/v1#Accommodation>"
"pleiades","Geography","<https://pleiades.stoa.org/author/thomase>","<https://pleiades.stoa.org/author/thomase>","<https://pleiades.stoa.org/places/462492>","<http://xmlns.com/foaf/0.1/Person>"
"geographic-names-information-system-gnis","Geography","<http://qudt.org/vocab/unit/FT>","<http://qudt.org/vocab/unit/FT>","<http://data.usgs.gov/lod/gnis/ontology/Elevation.0ft>","U.S. Geological Survey. Geographic Names Phase I data compilation (1976-1981). 31-Dec-1981. Primarily from U.S. Geological Survey 1:24,000-scale topographic maps (or 1:25K, Puerto Rico 1:20K) and from U.S. Board on Geographic Names files. In some instances, from 1:62,500 scale or 1:250,000 scale maps.@en"
"getty-tgn","Geography","<http://vocab.getty.edu/tgn/contrib/10000000>","<http://vocab.getty.edu/tgn/contrib/10000000>","<http://vocab.getty.edu/tgn/1001490>","<http://www.w3.org/ns/prov#Activity>"
"getty-tgn","Geography","<http://www.w3.org/ns/prov#Activity>","<http://www.w3.org/ns/prov#Activity>","<http://vocab.getty.edu/tgn/7003682-array>","<http://www.w3.org/ns/prov#Activity>"
"eu-institutions","Government","<http://dbpedia.org/resource/Executive_(government)>","<http://dbpedia.org/resource/Executive_(government)>","<http://institutions.publicdata.eu/#ec>","<http://www.w3.org/ns/org#Organization>"
"datos-bcn-cl","Government","<http://www.w3.org/2002/07/owl#Class>","<http://www.w3.org/2002/07/owl#Class>","<http://datos.bcn.cl/ontologies/bcn-geographics#composedBy>","<http://www.w3.org/2002/07/owl#Class>"
"business-data-gov-uk","Government","<http://xmlns.com/foaf/0.1/Organization>","<http://xmlns.com/foaf/0.1/Organization>","<http://business.data.gov.uk/id/company/1996687>","<http://research.data.gov.uk/def/project/Location>"
"patents-data-gov-uk","Government","<http://xmlns.com/foaf/0.1/Agent>","<http://xmlns.com/foaf/0.1/Agent>","<http://patents.data.gov.uk/id/application/GB2298612>","<http://xmlns.com/foaf/0.1/Agent>"
"courts-thesaurus","Government","<http://wolterskluwer.com/ceres/ltr-v1.0/Court>","<http://wolterskluwer.com/ceres/ltr-v1.0/Court>","<http://vocabulary.wolterskluwer.de/court/10195>","<http://wolterskluwer.com/ceres/ltr-v1.0/Court>"
"transparency-linked-data","Government","<http://purl.org/linked-data/cube#Observation>","<http://purl.org/linked-data/cube#Observation>","<http://transparency.270a.info/dataset/corruption-perceptions-index/2011/IN>","<http://purl.org/linked-data/cube#Observation>"
"research-data-gov-uk","Government","<http://research.data.gov.uk/def/project/ProjectRole>","<http://research.data.gov.uk/def/project/ProjectRole>","<http://research.data.gov.uk/id/project/tsb/100048>","<http://research.data.gov.uk/def/project/ProjectRole>"
"clean-energy-data-reegle","Government","<http://xmlns.com/foaf/0.1/Organization>","<http://xmlns.com/foaf/0.1/Organization>","<http://reegle.info/actors/6070>","<http://www.w3.org/2000/01/rdf-schema#Class>"
"data-incubator-nasa","Government","<http://purl.org/net/schemas/space/Spacecraft>","<http://purl.org/net/schemas/space/Spacecraft>","<http://data.kasabi.com/dataset/nasa/spacecraft/1972-031A>","<http://purl.org/net/schemas/space/Launch>"
"renewable_energy_generators","Government","<http://data.kasabi.com/dataset/renewable-energy-generators/schema/generators/Generator>","<http://www.w3.org/2006/vcard/ns#VCard>","<http://data.kasabi.com/dataset/renewable-energy-generators/organisation/ecotricity>","<http://www.w3.org/2006/vcard/ns#VCard>"
"hellenic-police","Government","<http://greek-lod.math.auth.gr/police/resource/crimes>","<http://ontosem.org/#criminal-activity>","<http://greek-lod.math.auth.gr/police/gad/1>","<http://ontosem.org/#criminal-activity>"
"english-index-of-multiple-deprivation-score-2010","Government","<http://purl.org/linked-data/cube#Observation>","<http://purl.org/linked-data/cube#Observation>","<http://opendatacommunities.org/id/IMD/2010/IMD-score/LSOA/E01032482>","<http://purl.org/linked-data/cube#Observation>"
"odc-lsoa","Government","<http://opendatacommunities.org/def/geography#LSOA>","<http://opendatacommunities.org/def/geography#LSOA>","<http://opendatacommunities.org/id/geography/lsoa/E01032482>","<http://opendatacommunities.org/def/geography#LSOA>"
"statistics-data-gov-uk","Government","<http://statistics.data.gov.uk/id/country/921>","<http://statistics.data.gov.uk/id/country/921>","<http://statistics.data.gov.uk/id/country/921>","<http://statistics.data.gov.uk/id/country/921>"
"oecd-linked-data","Government","<http://oecd.270a.info/dataset/ANBERD_REV4>","<http://oecd.270a.info/dataset/ANBERD_REV4>","<http://oecd.270a.info/provenance/activity/20140307023542>","<http://oecd.270a.info/dataset/ANBERD_REV4>"
"linked-taiwan-geo-names","Government","<http://linkedopendata.tw/ontologies/geonames.owl#Name>","<http://linkedopendata.tw/ontologies/geonames.owl#Name>","<http://geonames.linkedopendata.tw/Name/%E4%B8%AD%E5%B1%B1%E8%B7%AF>","<http://www.w3.org/2000/01/rdf-schema#Class>"
"semantic-xbrl","Government","<file:///home/zlochms/git/lodcc/dumps/semantic-xbrl/semanticxbrl.nt>","<http://rhizomik.net/ontologies/2007/11/xl-2003-12-31.owl#arcType>","<http://rhizomik.net/ontologies/2007/11/xbrl-instance-2003-12-31.owl#monetaryItemType>","<file:///home/zlochms/git/lodcc/dumps/semantic-xbrl/semanticxbrl.nt>"
"japan-radioactivity-stat","Government","<http://www.kanzaki.com/works/2011/stat/ra/set/moe>","<http://www.kanzaki.com/works/2011/stat/ra/set/moe>","<http://www.kanzaki.com/works/2011/stat/dim/d/20110707T00PT1H>","<http://www.kanzaki.com/works/2011/stat/ra/set/moe>"
"bfs-linked-data","Government","<http://www.w3.org/2004/02/skos/core#Concept>","<http://www.w3.org/2004/02/skos/core#Concept>","<http://bfs.270a.info/code/1.0/CL_HGDE_GDE>","<http://www.w3.org/2004/02/skos/core#Concept>"
"istat-immigration","Government","<http://purl.org/linked-data/cube#Observation>","<http://purl.org/linked-data/cube#Observation>","<http://data.linkedopendata.it/istat/resource/code-paesi>","<http://purl.org/linked-data/cube#Observation>"
"sec-rdfabout","Government","<http://xmlns.com/foaf/0.1/Person>","<http://xmlns.com/foaf/0.1/Person>","<http://www.rdfabout.com/rdf/usgov/sec/id/cik0001283051>","<http://www.rdfabout.com/rdf/schema/ussec/DirectorRelation>"
"asn-us","Government","<http://id.loc.gov/vocabulary/iso639-2/eng>","<http://id.loc.gov/vocabulary/iso639-2/eng>","<http://asn.jesandco.org/resources/D10002B5>","<http://id.loc.gov/vocabulary/iso639-2/eng>"
"rkb-explorer-cordis","Government","<http://www.aktors.org/ontology/portal#Organization>","<http://www.aktors.org/ontology/portal#Organization>","<http://www.aktors.org/ontology/portal#2006-01-01>","<http://www.aktors.org/ontology/portal#Organization>"
"hellenic-fire-brigade","Government","""0""^^<http://www.w3.org/2001/XMLSchema#double>","""0""^^<http://www.w3.org/2001/XMLSchema#double>","<http://greek-lod.math.auth.gr/fire/subdivisions/8>","""0""^^<http://www.w3.org/2001/XMLSchema#double>"
"education-data-gov-uk","Government","""0""^^<http://www.w3.org/2001/XMLSchema#int>","""0""^^<http://www.w3.org/2001/XMLSchema#int>","<http://data.ordnancesurvey.co.uk/id/7000000000041421>","""0""^^<http://www.w3.org/2001/XMLSchema#int>"
"uis-linked-data","Government","<http://purl.org/linked-data/cube#Observation>","<http://purl.org/linked-data/cube#Observation>","<http://csarven.ca/linked-sdmx-data>","<http://purl.org/linked-data/cube#Observation>"
"public-spending-in-greece","Government","<http://publicspending.medialab.ntua.gr/ontology#Decision>","<http://publicspending.medialab.ntua.gr/ontology#Decision>","<http://publicspending.medialab.ntua.gr/resource/decisions/457\u039E1-\u0391\u0391\u03A4>","<http://publicspending.medialab.ntua.gr/ontology#Payment>"
"government-web-integration-for-linked-data","Government",,,"	a","""2009"""
"transport-data-gov-uk","Government","<http://transport.data.gov.uk/0/ontology/traffic#Count>","<http://transport.data.gov.uk/0/ontology/traffic#Count>","<http://geo.data.gov.uk/0/id/area/29>","<http://transport.data.gov.uk/0/ontology/traffic#Count>"
"imf-linked-data","Government","<http://purl.org/linked-data/cube#Observation>","<http://purl.org/linked-data/cube#Observation>","<http://csarven.ca/linked-sdmx-data>","<http://purl.org/linked-data/cube#Observation>"
"fao-linked-data","Government","<http://purl.org/linked-data/cube#Observation>","<http://purl.org/linked-data/cube#Observation>","<http://fao.270a.info/code/0.1/HR_ASFIS_SPECIES_TAX_SPECIES>","<http://purl.org/linked-data/cube#Observation>"
"bis-linked-data","Government","<http://purl.org/linked-data/cube#Observation>","<http://purl.org/linked-data/cube#Observation>","<http://bis.270a.info/dataset/BIS_M_IBLR>","<http://purl.org/linked-data/cube#Observation>"
"govagribus-denmark","Government","""B"" .","""B"" .","<http://extbi.lab.aau.dk/resource/business/municipality/copenhagen#this>","<http://extbi.lab.aau.dk/ontology/business/Address> ."
"frb-linked-data","Government","<http://purl.org/linked-data/cube#Observation>","<http://purl.org/linked-data/cube#Observation>","<http://frb.270a.info/provenance/activity/20140421221158>","<http://purl.org/linked-data/cube#Observation>"
"world-bank-linked-data","Government","<http://purl.org/linked-data/cube#Observation>","<http://purl.org/linked-data/cube#Observation>","<http://worldbank.270a.info/classification/project>","<http://purl.org/linked-data/cube#Observation>"
"ecb-linked-data","Government","<http://purl.org/linked-data/cube#Observation>","<http://purl.org/linked-data/cube#Observation>","<http://ecb.270a.info/dataset/SAFE>","<http://purl.org/linked-data/cube#Observation>"
"abs-linked-data","Government","<http://purl.org/linked-data/cube#Observation>","<http://purl.org/linked-data/cube#Observation>","<http://csarven.ca/linked-sdmx-data>","<http://purl.org/linked-data/cube#Observation>"
"bio2rdf-gendr","Life_sciences","<http://bio2rdf.org/gendr_resource:bio2rdf.dataset.gendr.R3>","<http://bio2rdf.org/gendr_resource:bio2rdf.dataset.gendr.R3>","<http://bio2rdf.org/taxonomy:4932>","<http://bio2rdf.org/gendr_resource:bio2rdf.dataset.gendr.R3>"
"bio2rdf-lsr","Life_sciences","<http://bio2rdf.org/lsr_resource:bio2rdf.dataset.lsr.R3>","<http://bio2rdf.org/lsr_resource:bio2rdf.dataset.lsr.R3>","<http://bio2rdf.org/lsr_resource:5db3ff6345d9fb1ac737a62d044a9136>","<http://www.w3.org/2002/07/owl#Class>"
"bio2rdf-genage","Life_sciences","<http://bio2rdf.org/genage_resource:bio2rdf.dataset.genage.R3>","<http://bio2rdf.org/genage_resource:bio2rdf.dataset.genage.R3>","<http://bio2rdf.org/taxonomy:4932>","<http://bio2rdf.org/genage_resource:bio2rdf.dataset.genage.R3>"
"bio2rdf-bioportal","Life_sciences","<http://www.w3.org/2002/07/owl#Class>","<http://www.w3.org/2002/07/owl#Class>","<http://www.w3.org/2002/07/owl#Class>","<http://www.w3.org/2002/07/owl#Class>"
"taxonconcept","Life_sciences","<http://sws.geonames.org/6255149/>","<http://sws.geonames.org/6255149/>","<http://sws.geonames.org/6255149/>","<http://sws.geonames.org/6255149/>"
"bio2rdf-orphanet","Life_sciences","<http://bio2rdf.org/orphanet_resource:bio2rdf.dataset.orphanet.R3>","<http://bio2rdf.org/orphanet_resource:bio2rdf.dataset.orphanet.R3>","<http://bio2rdf.org/orphanet_vocabulary:Disorder>","<http://bio2rdf.org/orphanet_resource:bio2rdf.dataset.orphanet.R3>"
"fu-berlin-drugbank","Life_sciences","<http://www4.wiwiss.fu-berlin.de/drugbank/resource/drugbank/drug_interactions>","<http://www4.wiwiss.fu-berlin.de/drugbank/resource/drugbank/drug_interactions>","<http://www4.wiwiss.fu-berlin.de/drugbank/resource/targets/587>","<http://www4.wiwiss.fu-berlin.de/drugbank/resource/drugbank/drug_interactions>"
"organic-edunet","Life_sciences","""3.0""","""3.0""","<file:///home/zlochms/git/lodcc/dumps/organic-edunet/Relation-1>","""3.0"""
"geospecies","Life_sciences","<http://lod.geospecies.org/ontology/void#this>","<http://lod.geospecies.org/ontology/void#this>","<http://sws.geonames.org/5001836/>","<http://www.w3.org/2002/07/owl#Class>"
"bio2rdf-biomodels","Life_sciences","<http://bio2rdf.org/biomodels_resource:bio2rdf.dataset.biomodels.R3>","<http://bio2rdf.org/biomodels_resource:bio2rdf.dataset.biomodels.R3>","<http://bio2rdf.org/go:0005623>","<http://bio2rdf.org/biomodels_resource:bio2rdf.dataset.biomodels.R3>"
"bio2rdf-hgnc","Life_sciences","<http://bio2rdf.org/hgnc_resource:bio2rdf.dataset.hgnc.R3>","<http://bio2rdf.org/hgnc_resource:bio2rdf.dataset.hgnc.R3>","<http://bio2rdf.org/hgnc_vocabulary:Approved-Gene-Symbol>","<http://bio2rdf.org/hgnc_resource:bio2rdf.dataset.hgnc.R3>"
"bio2rdf-interpro","Life_sciences","<http://bio2rdf.org/interpro_resource:bio2rdf.dataset.interpro.R3>","<http://bio2rdf.org/interpro_resource:bio2rdf.dataset.interpro.R3>","<http://bio2rdf.org/interpro_vocabulary:Family>","<http://bio2rdf.org/interpro_resource:bio2rdf.dataset.interpro.R3>"
"bio2rdf-drugbank","Life_sciences","<http://bio2rdf.org/drugbank_resource:bio2rdf.dataset.drugbank.R3>","<http://bio2rdf.org/drugbank_resource:bio2rdf.dataset.drugbank.R3>","<http://bio2rdf.org/drugbank_vocabulary:LogP>","<http://bio2rdf.org/drugbank_resource:bio2rdf.dataset.drugbank.R3>"
"bio2rdf-sabiork","Life_sciences","<http://bio2rdf.org/sabiork_resource:bio2rdf.dataset.sabiork.R3>","<http://bio2rdf.org/sabiork_resource:bio2rdf.dataset.sabiork.R3>","<http://sabio.h-its.org/biopax>","<http://bio2rdf.org/sabiork_resource:bio2rdf.dataset.sabiork.R3>"
"bio2rdf-ndc","Life_sciences","<http://bio2rdf.org/ndc_vocabulary:Resource>","<http://bio2rdf.org/ndc_resource:bio2rdf.dataset.ndc.R3>","<http://bio2rdf.org/ndc_vocabulary:Package-Component>","<http://bio2rdf.org/ndc_resource:bio2rdf.dataset.ndc.R3>"
"bio2rdf-mesh","Life_sciences","<http://bio2rdf.org/mesh_vocabulary:allowable-topical-qualifier>","<http://bio2rdf.org/mesh_vocabulary:allowable-topical-qualifier>","<http://bio2rdf.org/mesh_vocabulary:Supplementary-Descriptor>","<http://bio2rdf.org/mesh_resource:bio2rdf.dataset.mesh.R3>"
"eunis","Life_sciences","""false""^^<http://www.w3.org/2001/XMLSchema#boolean>","""false""^^<http://www.w3.org/2001/XMLSchema#boolean>","<http://eunis.eea.europa.eu/sites/ITA020050>","""false""^^<http://www.w3.org/2001/XMLSchema#boolean>"
"bio2rdf-homologene","Life_sciences","<http://bio2rdf.org/homologene_resource:bio2rdf.dataset.homologene.R3>","<http://bio2rdf.org/homologene_resource:bio2rdf.dataset.homologene.R3>","<http://bio2rdf.org/taxonomy:10090>","<http://bio2rdf.org/homologene_resource:bio2rdf.dataset.homologene.R3>"
"bio2rdf-omim","Life_sciences","<http://bio2rdf.org/omim_resource:bio2rdf.dataset.omim.R3>","<http://bio2rdf.org/omim_resource:bio2rdf.dataset.omim.R3>","<http://bio2rdf.org/omim_vocabulary:Characteristic>","<http://bio2rdf.org/omim_resource:bio2rdf.dataset.omim.R3>"
"bio2rdf-dbsnp","Life_sciences","<http://bio2rdf.org/dbsnp_resource:bio2rdf.dataset.dbsnp.R3>","<http://bio2rdf.org/dbsnp_resource:bio2rdf.dataset.dbsnp.R3>","<http://bio2rdf.org/dbsnp_vocabulary:Snp>","<http://bio2rdf.org/dbsnp_resource:bio2rdf.dataset.dbsnp.R3>"
"bio2rdf-sgd","Life_sciences","<http://bio2rdf.org/sgd_resource:bio2rdf.dataset.sgd.R3>","<http://bio2rdf.org/sgd_resource:bio2rdf.dataset.sgd.R3>","<http://bio2rdf.org/apo:0000186>","<http://bio2rdf.org/sgd_resource:bio2rdf.dataset.sgd.R3>"
"bio2rdf-mgi","Life_sciences","<http://bio2rdf.org/mgi_resource:bio2rdf.dataset.mgi.R3>","<http://bio2rdf.org/mgi_resource:bio2rdf.dataset.mgi.R3>","<http://bio2rdf.org/mgi_vocabulary:Genotype>","<http://bio2rdf.org/mgi_resource:bio2rdf.dataset.mgi.R3>"
"bio2rdf-sider","Life_sciences","<http://bio2rdf.org/sider_resource:bio2rdf.dataset.sider.R3>","<http://bio2rdf.org/sider_resource:bio2rdf.dataset.sider.R3>","<http://bio2rdf.org/sider_vocabulary:Drug-Effect>","<http://bio2rdf.org/sider_resource:bio2rdf.dataset.sider.R3>"
"bio2rdf-clinicaltrials","Life_sciences","<http://bio2rdf.org/clinicaltrials_resource:bio2rdf.dataset.clinicaltrials.R3>","<http://bio2rdf.org/clinicaltrials_resource:bio2rdf.dataset.clinicaltrials.R3>","<http://bio2rdf.org/clinicaltrials_vocabulary:Event-Count>","<http://bio2rdf.org/clinicaltrials_resource:bio2rdf.dataset.clinicaltrials.R3>"
"bio2rdf-taxonomy","Life_sciences","""true""^^<http://www.w3.org/2001/XMLSchema#boolean>","""true""^^<http://www.w3.org/2001/XMLSchema#boolean>","<http://bio2rdf.org/obi:>","""true""^^<http://www.w3.org/2001/XMLSchema#boolean>"
"bio2rdf-wormbase","Life_sciences","<http://bio2rdf.org/wormbase_resource:bio2rdf.dataset.wormbase.R3>","<http://bio2rdf.org/wormbase_resource:bio2rdf.dataset.wormbase.R3>","<http://bio2rdf.org/wormbase_vocabulary:RNAi-Knockdown-Experiment>","<http://bio2rdf.org/wormbase_resource:bio2rdf.dataset.wormbase.R3>"
"linkedct","Life_sciences","""No""","""No""","<http://data.linkedct.org/resource/responsible_party/015b495dfd0be1a85fcb46d41f363abd>","<http://www.w3.org/2000/01/rdf-schema#Class>"
"bio2rdf-goa","Life_sciences","<http://bio2rdf.org/taxonomy:9606>","<http://bio2rdf.org/goa_resource:bio2rdf.dataset.goa.R3>","<http://bio2rdf.org/taxonomy:9606>","<http://bio2rdf.org/goa_resource:bio2rdf.dataset.goa.R3>"
"bio2rdf-pharmgkb","Life_sciences","<http://bio2rdf.org/pharmgkb_resource:bio2rdf.dataset.pharmgkb.R3>","<http://bio2rdf.org/pharmgkb_resource:bio2rdf.dataset.pharmgkb.R3>","<http://bio2rdf.org/pharmgkb_vocabulary:Variation>",
"bio2rdf-irefindex","Life_sciences","<http://bio2rdf.org/irefindex_resource:bio2rdf.dataset.irefindex.R3>","<http://bio2rdf.org/irefindex_resource:bio2rdf.dataset.irefindex.R3>","<http://bio2rdf.org/i2d:->","<http://bio2rdf.org/irefindex_resource:bio2rdf.dataset.irefindex.R3>"
"bio2rdf-ctd","Life_sciences","<http://bio2rdf.org/ctd_resource:bio2rdf.dataset.ctd.R3>","<http://bio2rdf.org/ctd_resource:bio2rdf.dataset.ctd.R3>","<http://bio2rdf.org/ctd_vocabulary:Gene-Disease-Association>","<http://bio2rdf.org/ctd_resource:bio2rdf.dataset.ctd.R3>"
"bio2rdf-iproclass","Life_sciences","<http://bio2rdf.org/iproclass_resource:bio2rdf.dataset.iproclass.R3>","<http://bio2rdf.org/iproclass_resource:bio2rdf.dataset.iproclass.R3>","<http://bio2rdf.org/genbank:->","<http://bio2rdf.org/iproclass_resource:bio2rdf.dataset.iproclass.R3>"
"isocat","Linguistics","<http://www.sil.org/computing/shoebox/MDF_2000.pdf>","<http://www.sil.org/computing/shoebox/MDF_2000.pdf>","<http://www.isocat.org/datcat/DC-6870>","<http://www.sil.org/computing/shoebox/MDF_2000.pdf>"
"universal-dependencies-treebank-ukrainian","Linguistics","<http://persistence.uni-leipzig.org/nlp2rdf/ontologies/nif-core#Word>","<http://persistence.uni-leipzig.org/nlp2rdf/ontologies/nif-core#Word>","<https://github.com/UniversalDependencies/UD_Ukrainian#s25_3>","<http://persistence.uni-leipzig.org/nlp2rdf/ontologies/nif-core#Sentence>"
"universal-dependencies-treebank-sanskrit","Linguistics","<http://persistence.uni-leipzig.org/nlp2rdf/ontologies/nif-core#Word>","<http://persistence.uni-leipzig.org/nlp2rdf/ontologies/nif-core#Word>","<https://github.com/UniversalDependencies/UD_Sanskrit#s40_6>","<http://persistence.uni-leipzig.org/nlp2rdf/ontologies/nif-core#Sentence>"
"kore-50-nif-ner-corpus","Linguistics","<http://persistence.uni-leipzig.org/nlp2rdf/ontologies/nif-core#RFC5147String>","<http://persistence.uni-leipzig.org/nlp2rdf/ontologies/nif-core#RFC5147String>","<http://www.yovisto.com/labs/ner-benchmarks/data/kore50-nif.ttl>","<http://persistence.uni-leipzig.org/nlp2rdf/ontologies/nif-core#RFC5147String>"
"universal-dependencies-treebank-coptic","Linguistics","<http://persistence.uni-leipzig.org/nlp2rdf/ontologies/nif-core#Word>","<http://persistence.uni-leipzig.org/nlp2rdf/ontologies/nif-core#Word>","<https://github.com/UniversalDependencies/UD_Coptic#s14_5>","<http://persistence.uni-leipzig.org/nlp2rdf/ontologies/nif-core#Word>"
"universal-dependencies-treebank-kazakh","Linguistics","<http://persistence.uni-leipzig.org/nlp2rdf/ontologies/nif-core#Word>","<http://persistence.uni-leipzig.org/nlp2rdf/ontologies/nif-core#Word>","<https://github.com/UniversalDependencies/UD_Kazakh#s60_2>","<http://persistence.uni-leipzig.org/nlp2rdf/ontologies/nif-core#Word>"
"reuters-128-nif-ner-corpus","Linguistics","<http://persistence.uni-leipzig.org/nlp2rdf/ontologies/nif-core#RFC5147String>","<http://persistence.uni-leipzig.org/nlp2rdf/ontologies/nif-core#RFC5147String>","<http://aksw.org/N3/Reuters-128>","<http://www.w3.org/2002/07/owl#Class>"
"universal-dependencies-treebank-uyghur","Linguistics","<http://persistence.uni-leipzig.org/nlp2rdf/ontologies/nif-core#Word>","<http://persistence.uni-leipzig.org/nlp2rdf/ontologies/nif-core#Word>","<https://github.com/UniversalDependencies/UD_Uyghur#s100_14>","<http://persistence.uni-leipzig.org/nlp2rdf/ontologies/nif-core#Word>"
"rss-500-nif-ner-corpus","Linguistics","<http://persistence.uni-leipzig.org/nlp2rdf/ontologies/nif-core#RFC5147String>","<http://persistence.uni-leipzig.org/nlp2rdf/ontologies/nif-core#RFC5147String>","<http://aksw.org/N3/RSS-500>","<http://www.w3.org/2002/07/owl#Class>"
"news-100-nif-ner-corpus","Linguistics","<http://persistence.uni-leipzig.org/nlp2rdf/ontologies/nif-core#RFC5147String>","<http://persistence.uni-leipzig.org/nlp2rdf/ontologies/nif-core#RFC5147String>","<http://aksw.org/N3/News-100>","<http://www.w3.org/2002/07/owl#Class>"
"geodomainwn","Linguistics","<http://www.monnet-project.eu/lemon#LexicalSense>","<http://www.monnet-project.eu/lemon#LexicalSense>","<http://www.languagelibrary.eu/owl/geodomainWN/ita/lemon/geodomainWNita-lemon>","<http://www.monnet-project.eu/lemon#LexicalSense>"
"mlsa","Linguistics","<http://wals.info/language/ger>","<http://wals.info/language/ger>","<http://asv.informatik.uni-leipzig.de/mlsa/sentence/247>","<http://wals.info/language/ger>"
"universal-dependencies-treebank-tamil","Linguistics","<http://persistence.uni-leipzig.org/nlp2rdf/ontologies/nif-core#Word>","<http://persistence.uni-leipzig.org/nlp2rdf/ontologies/nif-core#Word>","<https://github.com/UniversalDependencies/UD_Tamil#s120_10>","<http://persistence.uni-leipzig.org/nlp2rdf/ontologies/nif-core#Word>"
"universal-dependencies-treebank-japanese","Linguistics","<http://persistence.uni-leipzig.org/nlp2rdf/ontologies/nif-core#Word>","<http://persistence.uni-leipzig.org/nlp2rdf/ontologies/nif-core#Word>","<https://github.com/UniversalDependencies/UD_Japanese#s299_6>","<http://persistence.uni-leipzig.org/nlp2rdf/ontologies/nif-core#Word>"
"universal-dependencies-treebank-galician-treegal","Linguistics","<http://persistence.uni-leipzig.org/nlp2rdf/ontologies/nif-core#Word>","<http://persistence.uni-leipzig.org/nlp2rdf/ontologies/nif-core#Word>","<https://github.com/UniversalDependencies/UD_Galician-TreeGal#s100_2>","<http://persistence.uni-leipzig.org/nlp2rdf/ontologies/nif-core#Word>"
"sentiws","Linguistics","<http://wiktionary.dbpedia.org/terms/LexicalEntity>","<http://wiktionary.dbpedia.org/terms/LexicalEntity>","<http://mlode.nlp2rdf.org/sentiws/word/sorgen>","<http://wiktionary.dbpedia.org/terms/LexicalEntity>"
"universal-dependencies-treebank-slovenian-sst","Linguistics","<http://persistence.uni-leipzig.org/nlp2rdf/ontologies/nif-core#Word>","<http://persistence.uni-leipzig.org/nlp2rdf/ontologies/nif-core#Word>","<https://github.com/UniversalDependencies/UD_Slovenian-SST#s358_9>","<http://persistence.uni-leipzig.org/nlp2rdf/ontologies/nif-core#Sentence>"
"universal-dependencies-treebank-hungarian","Linguistics","<http://persistence.uni-leipzig.org/nlp2rdf/ontologies/nif-core#Word>","<http://persistence.uni-leipzig.org/nlp2rdf/ontologies/nif-core#Word>","<https://github.com/UniversalDependencies/UD_Hungarian#s188_22>","<http://persistence.uni-leipzig.org/nlp2rdf/ontologies/nif-core#Word>"
"universal-dependencies-treebank-irish","Linguistics","<http://persistence.uni-leipzig.org/nlp2rdf/ontologies/nif-core#Word>","<http://persistence.uni-leipzig.org/nlp2rdf/ontologies/nif-core#Word>","<https://github.com/UniversalDependencies/UD_Irish#s150_21>","<http://persistence.uni-leipzig.org/nlp2rdf/ontologies/nif-core#Word>"
"universal-dependencies-treebank-dutch-lassysmall","Linguistics","<http://persistence.uni-leipzig.org/nlp2rdf/ontologies/nif-core#Word>","<http://persistence.uni-leipzig.org/nlp2rdf/ontologies/nif-core#Word>","<https://github.com/UniversalDependencies/UD_Dutch-LassySmall#s349_12>","<http://persistence.uni-leipzig.org/nlp2rdf/ontologies/nif-core#Word>"
"universal-dependencies-treebank-latvian","Linguistics","<http://persistence.uni-leipzig.org/nlp2rdf/ontologies/nif-core#Word>","<http://persistence.uni-leipzig.org/nlp2rdf/ontologies/nif-core#Word>","<https://github.com/UniversalDependencies/UD_Latvian#s223_35>","<http://persistence.uni-leipzig.org/nlp2rdf/ontologies/nif-core#Word>"
"universal-dependencies-treebank-czech-cltt","Linguistics","<http://persistence.uni-leipzig.org/nlp2rdf/ontologies/nif-core#Word>","<http://persistence.uni-leipzig.org/nlp2rdf/ontologies/nif-core#Word>","<https://github.com/UniversalDependencies/UD_Czech-CLTT#s135_22>","<http://persistence.uni-leipzig.org/nlp2rdf/ontologies/nif-core#Word>"
"universal-dependencies-treebank-latin","Linguistics","<http://persistence.uni-leipzig.org/nlp2rdf/ontologies/nif-core#Word>","<http://persistence.uni-leipzig.org/nlp2rdf/ontologies/nif-core#Word>","<https://github.com/UniversalDependencies/UD_Latin#s225_5>","<http://persistence.uni-leipzig.org/nlp2rdf/ontologies/nif-core#Word>"
"universal-dependencies-treebank-old-church-slavonic","Linguistics","<http://persistence.uni-leipzig.org/nlp2rdf/ontologies/nif-core#Word>","<http://persistence.uni-leipzig.org/nlp2rdf/ontologies/nif-core#Word>","<https://github.com/UniversalDependencies/UD_Old_Church_Slavonic#s564_2>","<http://persistence.uni-leipzig.org/nlp2rdf/ontologies/nif-core#Word>"
"universal-dependencies-treebank-gothic","Linguistics","<http://persistence.uni-leipzig.org/nlp2rdf/ontologies/nif-core#Word>","<http://persistence.uni-leipzig.org/nlp2rdf/ontologies/nif-core#Word>","<https://github.com/UniversalDependencies/UD_Gothic#s485_8>","<http://persistence.uni-leipzig.org/nlp2rdf/ontologies/nif-core#Word>"
"clld-sails","Linguistics","<http://www.w3.org/2004/02/skos/core#Concept>","<http://www.w3.org/2004/02/skos/core#Concept>","<http://sails.clld.org/languages/ito>","<http://www.w3.org/2004/02/skos/core#Concept>"
"universal-dependencies-treebank-danish","Linguistics","<http://persistence.uni-leipzig.org/nlp2rdf/ontologies/nif-core#Word>","<http://persistence.uni-leipzig.org/nlp2rdf/ontologies/nif-core#Word>","<https://github.com/UniversalDependencies/UD_Danish#s322_15>","<http://persistence.uni-leipzig.org/nlp2rdf/ontologies/nif-core#Word>"
"universal-dependencies-treebank-vietnamese","Linguistics","<http://persistence.uni-leipzig.org/nlp2rdf/ontologies/nif-core#Word>","<http://persistence.uni-leipzig.org/nlp2rdf/ontologies/nif-core#Word>","<https://github.com/UniversalDependencies/UD_Vietnamese#s400_15>","<http://persistence.uni-leipzig.org/nlp2rdf/ontologies/nif-core#Word>"
"universal-dependencies-treebank-greek","Linguistics","<http://persistence.uni-leipzig.org/nlp2rdf/ontologies/nif-core#Word>","<http://persistence.uni-leipzig.org/nlp2rdf/ontologies/nif-core#Word>","<https://github.com/UniversalDependencies/UD_Greek#s241_24>","<http://persistence.uni-leipzig.org/nlp2rdf/ontologies/nif-core#Word>"
"universal-dependencies-treebank-croatian","Linguistics","<http://persistence.uni-leipzig.org/nlp2rdf/ontologies/nif-core#Word>","<http://persistence.uni-leipzig.org/nlp2rdf/ontologies/nif-core#Word>","<https://github.com/UniversalDependencies/UD_Croatian#s297_25>","<http://persistence.uni-leipzig.org/nlp2rdf/ontologies/nif-core#Word>"
"universal-dependencies-treebank-dutch","Linguistics","<http://persistence.uni-leipzig.org/nlp2rdf/ontologies/nif-core#Word>","<http://persistence.uni-leipzig.org/nlp2rdf/ontologies/nif-core#Word>","<https://github.com/UniversalDependencies/UD_Dutch#s386_7>","<http://persistence.uni-leipzig.org/nlp2rdf/ontologies/nif-core#Word>"
"universal-dependencies-treebank-french","Linguistics","<http://persistence.uni-leipzig.org/nlp2rdf/ontologies/nif-core#Word>","<http://persistence.uni-leipzig.org/nlp2rdf/ontologies/nif-core#Word>","<https://github.com/UniversalDependencies/UD_French#s298_9>","<http://persistence.uni-leipzig.org/nlp2rdf/ontologies/nif-core#Word>"
"universal-dependencies-treebank-portuguese","Linguistics","<http://persistence.uni-leipzig.org/nlp2rdf/ontologies/nif-core#Word>","<http://persistence.uni-leipzig.org/nlp2rdf/ontologies/nif-core#Word>","<https://github.com/UniversalDependencies/UD_Portuguese#s271_5>","<http://persistence.uni-leipzig.org/nlp2rdf/ontologies/nif-core#Word>"
"universal-dependencies-treebank-latin-ittb","Linguistics","<http://persistence.uni-leipzig.org/nlp2rdf/ontologies/nif-core#Word>","<http://persistence.uni-leipzig.org/nlp2rdf/ontologies/nif-core#Word>","<https://github.com/UniversalDependencies/UD_Latin-ITTB#s500_20>","<http://persistence.uni-leipzig.org/nlp2rdf/ontologies/nif-core#Word>"
"universal-dependencies-treebank-swedish-lines","Linguistics","<http://persistence.uni-leipzig.org/nlp2rdf/ontologies/nif-core#Word>","<http://persistence.uni-leipzig.org/nlp2rdf/ontologies/nif-core#Word>","<https://github.com/UniversalDependencies/UD_Swedish-LinES#s457_18>","<http://persistence.uni-leipzig.org/nlp2rdf/ontologies/nif-core#Word>"
"universal-dependencies-treebank-english-lines","Linguistics","<http://persistence.uni-leipzig.org/nlp2rdf/ontologies/nif-core#Word>","<http://persistence.uni-leipzig.org/nlp2rdf/ontologies/nif-core#Word>","<https://github.com/UniversalDependencies/UD_English-LinES#s457_16>","<http://persistence.uni-leipzig.org/nlp2rdf/ontologies/nif-core#Word>"
"universal-dependencies-treebank-english-esl","Linguistics","<http://persistence.uni-leipzig.org/nlp2rdf/ontologies/nif-core#Word>","<http://persistence.uni-leipzig.org/nlp2rdf/ontologies/nif-core#Word>","<https://github.com/UniversalDependencies/UD_English-ESL#s500_6>","<http://persistence.uni-leipzig.org/nlp2rdf/ontologies/nif-core#Word>"
"universal-dependencies-treebank-spanish","Linguistics","<http://persistence.uni-leipzig.org/nlp2rdf/ontologies/nif-core#Word>","<http://persistence.uni-leipzig.org/nlp2rdf/ontologies/nif-core#Word>","<https://github.com/UniversalDependencies/UD_Spanish#s274_12>","<http://persistence.uni-leipzig.org/nlp2rdf/ontologies/nif-core#Word>"
"universal-dependencies-treebank-polish","Linguistics","<http://persistence.uni-leipzig.org/nlp2rdf/ontologies/nif-core#Word>","<http://persistence.uni-leipzig.org/nlp2rdf/ontologies/nif-core#Word>","<https://github.com/UniversalDependencies/UD_Polish#s727_3>","<http://persistence.uni-leipzig.org/nlp2rdf/ontologies/nif-core#Word>"
"apertium-rdf-es-an","Linguistics","<http://www.lemon-model.net/lemon#LexicalSense>","<http://www.lemon-model.net/lemon#LexicalSense>","<http://linguistic.linkeddata.es/id/apertium/tranSetES-AN>","<http://www.lemon-model.net/lemon#LexicalSense>"
"universal-dependencies-treebank-indonesian","Linguistics","<http://persistence.uni-leipzig.org/nlp2rdf/ontologies/nif-core#Word>","<http://persistence.uni-leipzig.org/nlp2rdf/ontologies/nif-core#Word>","<https://github.com/UniversalDependencies/UD_Indonesian#s557_18>","<http://persistence.uni-leipzig.org/nlp2rdf/ontologies/nif-core#Word>"
"universal-dependencies-treebank-turkish","Linguistics","<http://persistence.uni-leipzig.org/nlp2rdf/ontologies/nif-core#Word>","<http://persistence.uni-leipzig.org/nlp2rdf/ontologies/nif-core#Word>","<https://github.com/UniversalDependencies/UD_Turkish#s843_3>","<http://persistence.uni-leipzig.org/nlp2rdf/ontologies/nif-core#Word>"
"universal-dependencies-treebank-finnish","Linguistics","<http://persistence.uni-leipzig.org/nlp2rdf/ontologies/nif-core#Word>","<http://persistence.uni-leipzig.org/nlp2rdf/ontologies/nif-core#Word>","<https://github.com/UniversalDependencies/UD_Finnish#s638_6>","<http://persistence.uni-leipzig.org/nlp2rdf/ontologies/nif-core#Word>"
"bll-thesaurus","Linguistics","<http://www.w3.org/2002/07/owl#Class>","<http://www.w3.org/2002/07/owl#Class>","<http://data.linguistik.de/bll/bll-thesaurus#bll-133124088>","<http://www.w3.org/2002/07/owl#Class>"
"universal-dependencies-treebank-russian","Linguistics","<http://persistence.uni-leipzig.org/nlp2rdf/ontologies/nif-core#Word>","<http://persistence.uni-leipzig.org/nlp2rdf/ontologies/nif-core#Word>","<https://github.com/UniversalDependencies/UD_Russian#s499_20>","<http://persistence.uni-leipzig.org/nlp2rdf/ontologies/nif-core#Word>"
"universal-dependencies-treebank-chinese","Linguistics","<http://persistence.uni-leipzig.org/nlp2rdf/ontologies/nif-core#Word>","<http://persistence.uni-leipzig.org/nlp2rdf/ontologies/nif-core#Word>","<https://github.com/UniversalDependencies/UD_Chinese#s500_17>","<http://persistence.uni-leipzig.org/nlp2rdf/ontologies/nif-core#Word>"
"universal-dependencies-treebank-italian","Linguistics","<http://persistence.uni-leipzig.org/nlp2rdf/ontologies/nif-core#Word>","<http://persistence.uni-leipzig.org/nlp2rdf/ontologies/nif-core#Word>","<https://github.com/UniversalDependencies/UD_Italian#s489_18>","<http://persistence.uni-leipzig.org/nlp2rdf/ontologies/nif-core#Word>"
"universal-dependencies-treebank-czech-cac","Linguistics","<http://persistence.uni-leipzig.org/nlp2rdf/ontologies/nif-core#Word>","<http://persistence.uni-leipzig.org/nlp2rdf/ontologies/nif-core#Word>","<https://github.com/UniversalDependencies/UD_Czech-CAC#s628_18>","<http://persistence.uni-leipzig.org/nlp2rdf/ontologies/nif-core#Word>"
"universal-dependencies-treebank-hebrew","Linguistics","<http://persistence.uni-leipzig.org/nlp2rdf/ontologies/nif-core#Word>","<http://persistence.uni-leipzig.org/nlp2rdf/ontologies/nif-core#Word>","<https://github.com/UniversalDependencies/UD_Hebrew#s491_8>","<http://persistence.uni-leipzig.org/nlp2rdf/ontologies/nif-core#Word>"
"multext-east","Linguistics","<http://purl.org/linguistics/gold/Phrase>","<http://purl.org/linguistics/gold/Phrase>","<http://mlode.nlp2rdf.org/multext/orwell1984-2571>","<http://purl.org/linguistics/gold/Phrase>"
"universal-dependencies-treebank-slovak","Linguistics","<http://persistence.uni-leipzig.org/nlp2rdf/ontologies/nif-core#Word>","<http://persistence.uni-leipzig.org/nlp2rdf/ontologies/nif-core#Word>","<https://github.com/UniversalDependencies/UD_Slovak#s1061_5>","<http://persistence.uni-leipzig.org/nlp2rdf/ontologies/nif-core#Word>"
"germlex","Linguistics","<http://www.lemon-model.net/lemon#Form>","<http://www.lemon-model.net/lemon#Form>","<http://purl.org/acoli/lex/lextab/enm#and>","<http://www.lemon-model.net/lemon#Form>"
"universal-dependencies-treebank-latin-proiel","Linguistics","<http://persistence.uni-leipzig.org/nlp2rdf/ontologies/nif-core#Word>","<http://persistence.uni-leipzig.org/nlp2rdf/ontologies/nif-core#Word>","<https://github.com/UniversalDependencies/UD_Latin-PROIEL#s1332_11>","<http://persistence.uni-leipzig.org/nlp2rdf/ontologies/nif-core#Word>"
"universal-dependencies-treebank-persian","Linguistics","<http://persistence.uni-leipzig.org/nlp2rdf/ontologies/nif-core#Word>","<http://persistence.uni-leipzig.org/nlp2rdf/ontologies/nif-core#Word>","<https://github.com/UniversalDependencies/UD_Persian#s600_17>","<http://persistence.uni-leipzig.org/nlp2rdf/ontologies/nif-core#Word>"
"apertium-rdf-fr-ca","Linguistics","<http://www.lemon-model.net/lemon#LexicalSense>","<http://www.lemon-model.net/lemon#LexicalSense>","<http://linguistic.linkeddata.es/id/apertium/tranSetFR-CA>","<http://www.lemon-model.net/lemon#LexicalSense>"
"universal-dependencies-treebank-slovenian","Linguistics","<http://persistence.uni-leipzig.org/nlp2rdf/ontologies/nif-core#Word>","<http://persistence.uni-leipzig.org/nlp2rdf/ontologies/nif-core#Word>","<https://github.com/UniversalDependencies/UD_Slovenian#s790_7>","<http://persistence.uni-leipzig.org/nlp2rdf/ontologies/nif-core#Word>"
"universal-dependencies-treebank-bulgarian","Linguistics","<http://persistence.uni-leipzig.org/nlp2rdf/ontologies/nif-core#Word>","<http://persistence.uni-leipzig.org/nlp2rdf/ontologies/nif-core#Word>","<https://github.com/UniversalDependencies/UD_Bulgarian#s1116_8>","<http://persistence.uni-leipzig.org/nlp2rdf/ontologies/nif-core#Word>"
"de-gaap-ontology-lexicon","Linguistics","<http://www.monnet-project.eu/lemon#Node>","<http://www.monnet-project.eu/lemon#Node>","<http://lemon-model.net/lexica/de-gaap/lexicon-de>","<http://www.monnet-project.eu/lemon#Component>"
"universal-dependencies-treebank-german","Linguistics","<http://persistence.uni-leipzig.org/nlp2rdf/ontologies/nif-core#Word>","<http://persistence.uni-leipzig.org/nlp2rdf/ontologies/nif-core#Word>","<https://github.com/UniversalDependencies/UD_German#s977_24>","<http://persistence.uni-leipzig.org/nlp2rdf/ontologies/nif-core#Word>"
"universal-dependencies-treebank-finnish-ftb","Linguistics","<http://persistence.uni-leipzig.org/nlp2rdf/ontologies/nif-core#Word>","<http://persistence.uni-leipzig.org/nlp2rdf/ontologies/nif-core#Word>","<https://github.com/UniversalDependencies/UD_Finnish-FTB#s1867_8>","<http://persistence.uni-leipzig.org/nlp2rdf/ontologies/nif-core#Word>"
"apertium-rdf-pt-ca","Linguistics","<http://www.lemon-model.net/lemon#LexicalSense>","<http://www.lemon-model.net/lemon#LexicalSense>","<http://linguistic.linkeddata.es/id/apertium/tranSetPT-CA>","<http://www.lemon-model.net/lemon#LexicalSense>"
"universal-dependencies-treebank-ancient-greek-proiel","Linguistics","<http://persistence.uni-leipzig.org/nlp2rdf/ontologies/nif-core#Word>","<http://persistence.uni-leipzig.org/nlp2rdf/ontologies/nif-core#Word>","<https://github.com/UniversalDependencies/UD_Ancient_Greek-PROIEL#s1479_39>","<http://persistence.uni-leipzig.org/nlp2rdf/ontologies/nif-core#Word>"
"apertium-rdf-ca-it","Linguistics","<http://www.lemon-model.net/lemon#LexicalSense>","<http://www.lemon-model.net/lemon#LexicalSense>","<http://linguistic.linkeddata.es/id/apertium/tranSetCA-IT>","<http://www.lemon-model.net/lemon#LexicalSense>"
"universal-dependencies-treebank-swedish","Linguistics","<http://persistence.uni-leipzig.org/nlp2rdf/ontologies/nif-core#Word>","<http://persistence.uni-leipzig.org/nlp2rdf/ontologies/nif-core#Word>","<https://github.com/UniversalDependencies/UD_Swedish#s1219_10>","<http://persistence.uni-leipzig.org/nlp2rdf/ontologies/nif-core#Word>"
"apertium-rdf-es-gl","Linguistics","<http://www.lemon-model.net/lemon#LexicalSense>","<http://www.lemon-model.net/lemon#LexicalSense>","<http://linguistic.linkeddata.es/id/apertium/tranSetES-GL>","<http://www.lemon-model.net/lemon#LexicalSense>"
"universal-dependencies-treebank-basque","Linguistics","<http://persistence.uni-leipzig.org/nlp2rdf/ontologies/nif-core#Word>","<http://persistence.uni-leipzig.org/nlp2rdf/ontologies/nif-core#Word>","<https://github.com/UniversalDependencies/UD_Basque#s1799_27>","<http://persistence.uni-leipzig.org/nlp2rdf/ontologies/nif-core#Word>"
"universal-dependencies-treebank-portuguese-bosque","Linguistics","<http://persistence.uni-leipzig.org/nlp2rdf/ontologies/nif-core#Word>","<http://persistence.uni-leipzig.org/nlp2rdf/ontologies/nif-core#Word>","<https://github.com/UniversalDependencies/UD_Portuguese-Bosque#s936_8>","<http://persistence.uni-leipzig.org/nlp2rdf/ontologies/nif-core#Word>"
"universal-dependencies-treebank-estonian","Linguistics","<http://persistence.uni-leipzig.org/nlp2rdf/ontologies/nif-core#Word>","<http://persistence.uni-leipzig.org/nlp2rdf/ontologies/nif-core#Word>","<https://github.com/UniversalDependencies/UD_Estonian#s1806_3>","<http://persistence.uni-leipzig.org/nlp2rdf/ontologies/nif-core#Word>"
"gemet-annotated","Linguistics","<http://www.w3.org/2008/05/skos-xl#Label>","<http://www.w3.org/2008/05/skos-xl#Label>","<http://www.eionet.europa.eu/gemet/gemet-skoscore.rdf#2833>","<http://www.w3.org/2008/05/skos-xl#Label>"
"apertium-rdf-pt-gl","Linguistics","<http://www.lemon-model.net/lemon#LexicalSense>","<http://www.lemon-model.net/lemon#LexicalSense>","<http://linguistic.linkeddata.es/id/apertium/tranSetPT-GL>","<http://www.lemon-model.net/lemon#LexicalSense>"
"pdevlemon","Linguistics","<http://www.w3.org/2002/07/owl#NamedIndividual>","<http://www.w3.org/2002/07/owl#NamedIndividual>","<http://pdev.org.uk/pdevlemon/PDEN_Lexicon_1>","<http://www.w3.org/2002/07/owl#NamedIndividual>"
"pdev-lemon","Linguistics","<http://www.w3.org/2002/07/owl#NamedIndividual>","<http://www.w3.org/2002/07/owl#NamedIndividual>","<http://pdev.org.uk/pdevlemon/PDEN_Lexicon_1>","<http://www.w3.org/2002/07/owl#NamedIndividual>"
"universal-dependencies-treebank-portuguese-br","Linguistics","<http://persistence.uni-leipzig.org/nlp2rdf/ontologies/nif-core#Word>","<http://persistence.uni-leipzig.org/nlp2rdf/ontologies/nif-core#Word>","<https://github.com/UniversalDependencies/UD_Portuguese-BR#s1204_24>","<http://persistence.uni-leipzig.org/nlp2rdf/ontologies/nif-core#Word>"
"universal-dependencies-treebank-ancient-greek","Linguistics","<http://persistence.uni-leipzig.org/nlp2rdf/ontologies/nif-core#Word>","<http://persistence.uni-leipzig.org/nlp2rdf/ontologies/nif-core#Word>","<https://github.com/UniversalDependencies/UD_Ancient_Greek#s940_25>","<http://persistence.uni-leipzig.org/nlp2rdf/ontologies/nif-core#Word>"
"universal-dependencies-treebank-english","Linguistics","<http://persistence.uni-leipzig.org/nlp2rdf/ontologies/nif-core#Word>","<http://persistence.uni-leipzig.org/nlp2rdf/ontologies/nif-core#Word>","<https://github.com/UniversalDependencies/UD_English#s2077_19>","<http://persistence.uni-leipzig.org/nlp2rdf/ontologies/nif-core#Word>"
"universal-dependencies-treebank-norwegian","Linguistics","<http://persistence.uni-leipzig.org/nlp2rdf/ontologies/nif-core#Word>","<http://persistence.uni-leipzig.org/nlp2rdf/ontologies/nif-core#Word>","<https://github.com/UniversalDependencies/UD_Norwegian#s1939_8>","<http://persistence.uni-leipzig.org/nlp2rdf/ontologies/nif-core#Word>"
"apertium-rdf-eu-es","Linguistics","<http://www.lemon-model.net/lemon#LexicalSense>","<http://www.lemon-model.net/lemon#LexicalSense>","<http://linguistic.linkeddata.es/id/apertium/tranSetEU-ES>","<http://www.lemon-model.net/lemon#LexicalSense>"
"apertium-rdf-eu-en","Linguistics","<http://www.lemon-model.net/lemon#LexicalSense>","<http://www.lemon-model.net/lemon#LexicalSense>","<http://linguistic.linkeddata.es/id/apertium/tranSetEU-EN>","<http://www.lemon-model.net/lemon#LexicalSense>"
"universal-dependencies-treebank-romanian","Linguistics","<http://persistence.uni-leipzig.org/nlp2rdf/ontologies/nif-core#Word>","<http://persistence.uni-leipzig.org/nlp2rdf/ontologies/nif-core#Word>","<https://github.com/UniversalDependencies/UD_Romanian#s1191_13>","<http://persistence.uni-leipzig.org/nlp2rdf/ontologies/nif-core#Word>"
"apertium-rdf-es-pt","Linguistics","<http://www.lemon-model.net/lemon#LexicalSense>","<http://www.lemon-model.net/lemon#LexicalSense>","<http://linguistic.linkeddata.es/id/apertium/tranSetES-PT>","<http://www.lemon-model.net/lemon#LexicalSense>"
"universal-dependencies-treebank-galician","Linguistics","<http://persistence.uni-leipzig.org/nlp2rdf/ontologies/nif-core#Word>","<http://persistence.uni-leipzig.org/nlp2rdf/ontologies/nif-core#Word>","<https://github.com/UniversalDependencies/UD_Galician#s864_39>","<http://persistence.uni-leipzig.org/nlp2rdf/ontologies/nif-core#Word>"
"apertium-rdf-oc-es","Linguistics","<http://www.lemon-model.net/lemon#LexicalSense>","<http://www.lemon-model.net/lemon#LexicalSense>","<http://linguistic.linkeddata.es/id/apertium/tranSetOC-ES>","<http://www.lemon-model.net/lemon#LexicalSense>"
"universal-dependencies-treebank-arabic","Linguistics","<http://persistence.uni-leipzig.org/nlp2rdf/ontologies/nif-core#Word>","<http://persistence.uni-leipzig.org/nlp2rdf/ontologies/nif-core#Word>","<https://github.com/UniversalDependencies/UD_Arabic#s704_25>","<http://persistence.uni-leipzig.org/nlp2rdf/ontologies/nif-core#Word>"
"swefn-rdf","Linguistics","<http://spraakbanken.gu.se/eng/research/infrastructure/karp/karp#e>","<http://spraakbanken.gu.se/eng/research/infrastructure/karp/karp#e>","<http://spraakbanken.gu.se/rdf/swefn/swefn--Given_name>","<http://spraakbanken.gu.se/eng/research/infrastructure/karp/karp#text>"
"apertium-rdf-oc-ca","Linguistics","<http://www.lemon-model.net/lemon#LexicalSense>","<http://www.lemon-model.net/lemon#LexicalSense>","<http://linguistic.linkeddata.es/id/apertium/tranSetOC-CA>","<http://www.lemon-model.net/lemon#LexicalSense>"
"iwn","Linguistics","<http://www.w3.org/2006/03/wn/wn20/schema/Word>","<http://www.w3.org/2006/03/wn/wn20/schema/Word>","<http://www.languagelibrary.eu/owl/italWordNet15/instances/wordsense-Casanova-properNoun-1>","<http://www.w3.org/2006/03/wn/wn20/schema/Word>"
"simple","Linguistics","<http://www.monnet-project.eu/lemon#LexicalSense>","<http://www.monnet-project.eu/lemon#LexicalSense>","<http://www.languagelibrary.eu/owl/simple/psc/pscLemon>","<http://www.monnet-project.eu/lemon#Form>"
"apertium-rdf-eo-es","Linguistics","<http://www.lemon-model.net/lemon#LexicalSense>","<http://www.lemon-model.net/lemon#LexicalSense>","<http://linguistic.linkeddata.es/id/apertium/tranSetEO-ES>","<http://www.lemon-model.net/lemon#LexicalSense>"
"universal-dependencies-treebank-hindi","Linguistics","<http://persistence.uni-leipzig.org/nlp2rdf/ontologies/nif-core#Word>","<http://persistence.uni-leipzig.org/nlp2rdf/ontologies/nif-core#Word>","<https://github.com/UniversalDependencies/UD_Hindi#s1684_6>","<http://persistence.uni-leipzig.org/nlp2rdf/ontologies/nif-core#Word>"
"apertium-rdf-es-ro","Linguistics","<http://www.lemon-model.net/lemon#LexicalSense>","<http://www.lemon-model.net/lemon#LexicalSense>","<http://linguistic.linkeddata.es/id/apertium/tranSetES-RO>","<http://www.lemon-model.net/lemon#LexicalSense>"
"asit","Linguistics","<http://purl.org/asit/terms/Sentence>","<http://purl.org/asit/terms/Sentence>","<http://purl.org/asit/resource/PoSTag/N_typ_oth>","<http://purl.org/asit/terms/Sentence>"
"apertium-rdf-en-gl","Linguistics","<http://www.lemon-model.net/lemon#LexicalSense>","<http://www.lemon-model.net/lemon#LexicalSense>","<http://linguistic.linkeddata.es/id/apertium/tranSetEN-GL>","<http://www.lemon-model.net/lemon#LexicalSense>"
"apertium-rdf-eo-ca","Linguistics","<http://www.lemon-model.net/lemon#LexicalSense>","<http://www.lemon-model.net/lemon#LexicalSense>","<http://linguistic.linkeddata.es/id/apertium/tranSetEO-CA>","<http://www.lemon-model.net/lemon#LexicalSense>"
"parole-simple-lexinfo-ontology-lexicons","Linguistics","<http://lodserver.iula.upf.edu/id/ParoleSimple/lexiconCAT/>","<http://lemon-model.net/lemon#Form>","<http://lodserver.iula.upf.edu/id/ParoleSimple/lexiconCAT/>","<http://lemon-model.net/lemon#Form>"
"apertium-rdf-fr-es","Linguistics","<http://www.lemon-model.net/lemon#LexicalSense>","<http://www.lemon-model.net/lemon#LexicalSense>","<http://linguistic.linkeddata.es/id/apertium/tranSetFR-ES>","<http://www.lemon-model.net/lemon#LexicalSense>"
"universal-dependencies-treebank-spanish-ancora","Linguistics","<http://persistence.uni-leipzig.org/nlp2rdf/ontologies/nif-core#Word>","<http://persistence.uni-leipzig.org/nlp2rdf/ontologies/nif-core#Word>","<https://github.com/UniversalDependencies/UD_Spanish-AnCora#s1707_50>","<http://persistence.uni-leipzig.org/nlp2rdf/ontologies/nif-core#Word>"
"apertium-rdf-en-es","Linguistics","<http://www.lemon-model.net/lemon#LexicalSense>","<http://www.lemon-model.net/lemon#LexicalSense>","<http://linguistic.linkeddata.es/id/apertium/tranSetEN-ES>","<http://www.lemon-model.net/lemon#LexicalSense>"
"universal-dependencies-treebank-czech","Linguistics","<http://persistence.uni-leipzig.org/nlp2rdf/ontologies/nif-core#Word>","<http://persistence.uni-leipzig.org/nlp2rdf/ontologies/nif-core#Word>","<https://github.com/UniversalDependencies/UD_Czech#s3504_3>","<http://persistence.uni-leipzig.org/nlp2rdf/ontologies/nif-core#Word>"
"universal-dependencies-treebank-catalan","Linguistics","<http://persistence.uni-leipzig.org/nlp2rdf/ontologies/nif-core#Word>","<http://persistence.uni-leipzig.org/nlp2rdf/ontologies/nif-core#Word>","<https://github.com/UniversalDependencies/UD_Catalan#s1842_40>","<http://persistence.uni-leipzig.org/nlp2rdf/ontologies/nif-core#Word>"
"apertium-rdf-eo-en","Linguistics","<http://www.lemon-model.net/lemon#LexicalSense>","<http://www.lemon-model.net/lemon#LexicalSense>","<http://linguistic.linkeddata.es/id/apertium/tranSetEO-EN>","<http://www.lemon-model.net/lemon#LexicalSense>"
"universal-dependencies-treebank-japanese-ktc","Linguistics","<http://persistence.uni-leipzig.org/nlp2rdf/ontologies/nif-core#Word>","<http://persistence.uni-leipzig.org/nlp2rdf/ontologies/nif-core#Word>","<https://github.com/UniversalDependencies/UD_Japanese-KTC#s2837_1>","<http://persistence.uni-leipzig.org/nlp2rdf/ontologies/nif-core#Word>"
"apertium-rdf-eo-fr","Linguistics","<http://www.lemon-model.net/lemon#LexicalSense>","<http://www.lemon-model.net/lemon#LexicalSense>","<http://linguistic.linkeddata.es/id/apertium/tranSetEO-FR>","<http://www.lemon-model.net/lemon#LexicalSense>"
"lexvo","Linguistics","<lvont:Character>","<lvont:Character>","<http://lexvo.org/id/iso639-3/eng>","<lvont:Character>"
"apertium-rdf-es-ca","Linguistics","<http://www.lemon-model.net/lemon#LexicalSense>","<http://www.lemon-model.net/lemon#LexicalSense>","<http://linguistic.linkeddata.es/id/apertium/tranSetES-CA>","<http://www.lemon-model.net/lemon#LexicalSense>"
"galician-eurowordnet-lemon-lexicon-3-0","Linguistics","<http://lemon-model.net/lemon#LexicalSense>","<http://lemon-model.net/lemon#LexicalSense>","<http://lodserver.iula.upf.edu/id/WordNetLemon/GL/>","<http://lemon-model.net/lemon#Form>"
"apertium-rdf-en-ca","Linguistics","<http://www.lemon-model.net/lemon#LexicalSense>","<http://www.lemon-model.net/lemon#LexicalSense>","<http://linguistic.linkeddata.es/id/apertium/tranSetEN-CA>","<http://www.lemon-model.net/lemon#LexicalSense>"
"apertium-rdf-es-ast","Linguistics","<http://www.lemon-model.net/lemon#LexicalSense>","<http://www.lemon-model.net/lemon#LexicalSense>","<http://linguistic.linkeddata.es/id/apertium/tranSetES-AST>","<http://www.lemon-model.net/lemon#LexicalSense>"
"universal-dependencies-treebank-russian-syntagrus","Linguistics","<http://persistence.uni-leipzig.org/nlp2rdf/ontologies/nif-core#Word>","<http://persistence.uni-leipzig.org/nlp2rdf/ontologies/nif-core#Word>","<https://github.com/UniversalDependencies/UD_Russian-SynTagRus#s6130_24>","<http://persistence.uni-leipzig.org/nlp2rdf/ontologies/nif-core#Word>"
"basque-eurowordnet-lemon-lexicon-3-0","Linguistics","<http://lemon-model.net/lemon#LexicalSense>","<http://lemon-model.net/lemon#LexicalSense>","<http://lodserver.iula.upf.edu/id/WordNetLemon/EU/>","<http://lemon-model.net/lemon#Form>"
"saldo-rdf","Linguistics","<http://spraakbanken.gu.se/rdf/saldo/__SPRAKBANKEN_LEXICON__>","<http://lemon-model.net/lemon#LexicalSense>","<http://spraakbanken.gu.se/rdf/saldo/__SPRAKBANKEN_LEXICON__>","<http://lemon-model.net/lemon#Form>"
"associations","Linguistics","<https://w3id.org/associations/vocab#Association>","<https://w3id.org/associations/vocab#Association>","<http://www.eat.rl.ac.uk/#stimulus=zoology&response=zoos>","<https://w3id.org/associations/vocab#Term>"
"jrc-names-mlode","Linguistics","""The original data was retrieved from http://langtech.jrc.it/JRC-Names.html and converted to RDF as a part of the MLODE 2012 Workshop. We just did the RDF transformation, please refer to the original site for licence and attribution issues. ""","""The original data was retrieved from http://langtech.jrc.it/JRC-Names.html and converted to RDF as a part of the MLODE 2012 Workshop. We just did the RDF transformation, please refer to the original site for licence and attribution issues. ""","<http://mlode.nlp2rdf.org/resource/jrc-names/Muammar_Gaddafi>","""The original data was retrieved from http://langtech.jrc.it/JRC-Names.html and converted to RDF as a part of the MLODE 2012 Workshop. We just did the RDF transformation, please refer to the original site for licence and attribution issues. """
"catalan-eurowordnet-lemon-lexicon-3-0","Linguistics","<http://lemon-model.net/lemon#LexicalSense>","<http://lemon-model.net/lemon#LexicalSense>","<http://lodserver.iula.upf.edu/id/WordNetLemon/CAT/>","<http://lemon-model.net/lemon#Form>"
"ids","Linguistics","""The original data was retrieved from http://mlode.nlp2rdf.org/resource/ids/ and converted to RDF as a part of the MLODE 2012 Workshop. We just did the RDF transformation, please refer to the original site for licence and attribution issues. ""","""The original data was retrieved from http://mlode.nlp2rdf.org/resource/ids/ and converted to RDF as a part of the MLODE 2012 Workshop. We just did the RDF transformation, please refer to the original site for licence and attribution issues. ""","<http://mlode.nlp2rdf.org/resource/ids/entry/e850-c15>","""The original data was retrieved from http://mlode.nlp2rdf.org/resource/ids/ and converted to RDF as a part of the MLODE 2012 Workshop. We just did the RDF transformation, please refer to the original site for licence and attribution issues. """
"olac","Linguistics","<http://www.w3.org/2000/01/rdf-schema#Resource>","<http://www.w3.org/2000/01/rdf-schema#Resource>","<http://www.language-archives.org/item/oai:cla.berkeley.edu:LA","<http://www.w3.org/2000/01/rdf-schema#Resource>"
"lemonwiktionary","Linguistics","<http://lemon-model.net/lexica/wiktionary_en/en/Lexicon>","<http://lemon-model.net/lemon#LexicalEntry>","<http://lemon-model.net/lexica/wiktionary_en/en/Lexicon>","<http://lemon-model.net/lemon#LexicalEntry>"
"saldom-rdf","Linguistics","<http://lemon-model.net/lemon#Form>","<http://lemon-model.net/lemon#Form>","<http://spraakbanken.gu.se/rdf/saldom/__SPRAKBANKEN_LEXICON__>","<http://lemon-model.net/lemon#Form>"
"xwn","Linguistics","<http://lemon-model.net/lemon#LexicalSense>","<http://lemon-model.net/lemon#LexicalSense>","<file:///home/zlochms/git/lodcc/dumps/xwn/all+xml/wns/eng/omw>","<http://lemon-model.net/lemon#LexicalSense>"
"semanticquran","Linguistics","<http://tanzil.net/download/>","<http://tanzil.net/download/>","<http://mlode.nlp2rdf.org/semanticquran/\u0438>","<http://nlp2rdf.lod2.eu/schema/string/OffsetBasedString>"
"getty-aat","Linguistics","<http://www.w3.org/ns/prov#Activity>","<http://www.w3.org/ns/prov#Activity>","<http://vocab.getty.edu/aat/300263371>","<http://www.w3.org/ns/prov#Activity>"
"panlex","Linguistics","<http://ld.panlex.org/plx/Denotation>","<http://ld.panlex.org/plx/Denotation>","<http://ld.panlex.org/plx/wordClass/noun>","<http://ld.panlex.org/plx/Denotation>"
"ontos-news-portal","Media","<http://xmlns.com/foaf/0.1/Document>","<http://xmlns.com/foaf/0.1/Document>","_:genid7","<http://xmlns.com/foaf/0.1/Document>"
"data-incubator-pokedex","Media","""0""^^<http://www.w3.org/2001/XMLSchema#integer>","""0""^^<http://www.w3.org/2001/XMLSchema#integer>","<http://pokedex.dataincubator.org/types/water>","<http://pokedex.dataincubator.org/pkm/Species>"
"dbtune-john-peel-sessions","Media","<http://purl.org/ontology/mo/Performance>","<http://purl.org/ontology/mo/Performance>","<http://dbtune.org/bbc/peel/producer/fd3c6732e2ae74c48068a41695ba42c6>","<http://purl.org/ontology/mo/Performance>"
"bricklink","Media","<http://data.kasabi.com/dataset/bricklink/schema/InventoryItem>","<http://data.kasabi.com/dataset/bricklink/schema/InventoryItem>","<http://data.kasabi.com/dataset/bricklink/set/10184-1/inventory>","<http://data.kasabi.com/dataset/bricklink/schema/InventoryItem>"
"dbtropes","Media","""1.0""^^<http://www.w3.org/2001/XMLSchema#double>","""1.0""^^<http://www.w3.org/2001/XMLSchema#double>","<http://dbtropes.org/resource/Series/DoctorWho>","""1.0""^^<http://www.w3.org/2001/XMLSchema#double>"
"data-incubator-discogs","Media","<http://purl.org/ontology/mo/Track>","<http://purl.org/ontology/mo/Track>","<http://data.kasabi.com/dataset/discogs/artist/various>","<http://purl.org/ontology/mo/Track>"
"rkb-explorer-lisbon","Publications","<http://lisbon.rkbexplorer.com/id/informatica>","<http://lisbon.rkbexplorer.com/id/informatica>","<http://lisbon.rkbexplorer.com/id/person-01007>","<http://lisbon.rkbexplorer.com/id/informatica>"
"rism-authorities","Publications","<http://data.rism.info/id/rismauthorities/pe2539>","""Bach, Johann Sebastian""","<http://data.rism.info/id/rismauthorities/pe2539>","""Christoph Wolff, et al. \""Bach.\"" Grove Music Online. Oxford Music Online. Oxford University Press. Web. 10 Aug. 2017"""
"rkb-explorer-italy","Publications","<http://italy.rkbexplorer.com/id/person-dsi-791ee4e9a5072fc1718f93265f87d072>","<http://www.aktors.org/ontology/portal#Researcher>","<http://italy.rkbexplorer.com/id/person-dsi-791ee4e9a5072fc1718f93265f87d072>","<http://www.aktors.org/ontology/portal#Postal-Address>"
"rkb-explorer-kaunas","Publications","<http://www.aktors.org/ontology/date#2000>","""2000""","<http://www.aktors.org/ontology/date#2000>","<http://www.aktors.org/ontology/portal#has-title>"
"rkb-explorer-deepblue","Publications","<http://www.aktors.org/ontology/portal#Person>","<http://www.aktors.org/ontology/portal#Person>","<http://www.aktors.org/ontology/date#2003>","<http://www.aktors.org/ontology/portal#Person>"
"rkb-explorer-ft","Publications","<http://www.aktors.org/ontology/portal#Person>","<http://www.aktors.org/ontology/portal#Person>","<http://www.aktors.org/ontology/date#2004>","<http://www.aktors.org/ontology/portal#Person>"
"rkb-explorer-ulm","Publications","<http://www.aktors.org/ontology/portal#Person>","<http://www.aktors.org/ontology/portal#Person>","<http://www.aktors.org/ontology/date#2004>","<http://www.aktors.org/ontology/portal#Person>"
"rkb-explorer-courseware","Publications","<http://www.aktors.org/ontology/portal#Person>","<http://www.aktors.org/ontology/portal#Person>","<http://www.aktors.org/ontology/date#2005>","<http://www.aktors.org/ontology/portal#Person>"
"rkb-explorer-wiki","Publications","<http://wiki.rkbexplorer.com/id/resist>","<http://wiki.rkbexplorer.com/id/the_university_of_newcastle_upon_tyne>","<http://wiki.rkbexplorer.com/id/resist>","<http://wiki.rkbexplorer.com/id/the_university_of_newcastle_upon_tyne>"
"rkb-explorer-curriculum","Publications","<http://www.aktors.org/ontology/portal#Person>","<http://www.aktors.org/ontology/portal#Person>","<http://curriculum.rkbexplorer.com/id/resist>","<http://www.aktors.org/ontology/portal#Person>"
"rkb-explorer-eurecom","Publications","<http://www.aktors.org/ontology/date#2006>","""2006""","<http://www.aktors.org/ontology/date#2006>","<http://www.aktors.org/ontology/portal#Person>"
"rkb-explorer-roma","Publications","<http://www.aktors.org/ontology/portal#Person>","<http://www.aktors.org/ontology/portal#Person>","<http://roma.rkbexplorer.com/id/person-00001>","<http://www.aktors.org/ontology/portal#Person>"
"rkb-explorer-darmstadt","Publications","<http://darmstadt.rkbexplorer.com/id/address-tud-general>","<http://darmstadt.rkbexplorer.com/id/address-tud-general>","<http://darmstadt.rkbexplorer.com/id/person-c118e96b96105a965ef7ad2e8bc5d769>","<http://darmstadt.rkbexplorer.com/id/address-tud-general>"
"rkb-explorer-budapest","Publications","<http://www.aktors.org/ontology/portal#Person>","<http://www.aktors.org/ontology/portal#Person>","<http://budapest.rkbexplorer.com/id/person-0eae26b92535edf8537257d195f5e5d3>","<http://www.aktors.org/ontology/portal#Person>"
"rkb-explorer-deploy","Publications","<http://www.aktors.org/ontology/portal#Person>","<http://www.aktors.org/ontology/portal#Person>","<http://www.aktors.org/ontology/date#2010>","<http://www.aktors.org/ontology/portal#Person>"
"rkb-explorer-ibm","Publications","<http://www.aktors.org/ontology/portal#Person>","<http://www.aktors.org/ontology/portal#Person>","<http://ibm.rkbexplorer.com/id/person-9fb81015f747592d777a482a2cf3552e>","<http://www.aktors.org/ontology/portal#Person>"
"rkb-explorer-southampton","Publications","<http://southampton.rkbexplorer.com/id/org-ecs>","<http://southampton.rkbexplorer.com/id/UoS>","<http://southampton.rkbexplorer.com/id/person-05113>","<http://southampton.rkbexplorer.com/id/address-SO17-1BJ>"
"rkb-explorer-pisa","Publications","<http://www.aktors.org/ontology/portal#Person>","<http://www.aktors.org/ontology/portal#Person>","<http://pisa.rkbexplorer.com/id/publications/person-8428c9cb>","<http://www.aktors.org/ontology/portal#Person>"
"rkb-explorer-laas","Publications","<http://www.aktors.org/ontology/portal#Person>","<http://www.aktors.org/ontology/portal#Person>","<http://laas.rkbexplorer.com/id/person-2958c05d2f91ca96f8541fd98c70a1e5>","<http://www.aktors.org/ontology/portal#Person>"
"rkb-explorer-rae2001","Publications","<http://www.aktors.org/ontology/portal#Calendar-Date>","<http://www.aktors.org/ontology/portal#Calendar-Date>","<http://www.aktors.org/ontology/date#1999>","<http://www.aktors.org/ontology/portal#Publication-Reference>"
"rkb-explorer-newcastle","Publications","<http://www.aktors.org/ontology/portal#Person>","<http://www.aktors.org/ontology/portal#Person>","<http://www.aktors.org/ontology/date#2000>","<http://www.aktors.org/ontology/portal#Person>"
"rkb-explorer-ieee","Publications","<http://www.aktors.org/ontology/portal#Person>","<http://www.aktors.org/ontology/portal#Person>","<http://www.aktors.org/ontology/date#1995>","<http://www.aktors.org/ontology/portal#Person>"
"rkb-explorer-jisc","Publications","<http://xmlns.com/foaf/0.1/Person>","<http://xmlns.com/foaf/0.1/Person>","<http://jisc.rkbexplorer.com/id/governance-7>","""Project Manager"""
"msc","Publications","<http://www.w3.org/2004/02/skos/core#Concept>","<http://www.w3.org/2004/02/skos/core#Concept>","<http://msc2010.org/resources/MSC/2010/msc2010/fullDD21-512.55>","<http://www.w3.org/2004/02/skos/core#Concept>"
"stw-thesaurus-for-economics","Publications","<http://zbw.eu/stw>","<http://zbw.eu/stw>","<http://zbw.eu/stw/thsys/175786>","<http://zbw.eu/stw>"
"psh-subject-headings","Publications","<http://psh.ntkcz.cz/skos/>","<http://www.w3.org/2004/02/skos/core#Concept>","<http://psh.ntkcz.cz/skos/PSH7979>","<http://www.w3.org/2004/02/skos/core#Concept>"
"rkb-explorer-os","Publications","<http://www.ordnancesurvey.co.uk/ontology/AdministrativeGeography/v2.0/AdministrativeGeography.rdf#CivilParish>","<http://www.ordnancesurvey.co.uk/ontology/AdministrativeGeography/v2.0/AdministrativeGeography.rdf#CivilParish>","<http://os.rkbexplorer.com/id/osr7000000000038904>","<http://www.ordnancesurvey.co.uk/ontology/AdministrativeGeography/v2.0/AdministrativeGeography.rdf#CivilParish>"
"rkb-explorer-irit","Publications","<http://www.aktors.org/ontology/portal#Person>","<http://www.aktors.org/ontology/portal#Person>","<http://www.aktors.org/ontology/date#2007>","<http://www.aktors.org/ontology/portal#Person>"
"rkb-explorer-webconf","Publications","<http://xmlns.com/foaf/0.1/Person>","<http://xmlns.com/foaf/0.1/Person>","<http://data.semanticweb.org/conference/lrec/2008/proceedings>","<http://xmlns.com/foaf/0.1/Person>"
"rkb-explorer-era","Publications","""urn:ISSN:""","""urn:ISSN:""","<http://era.rkbexplorer.com/id/issn->","<http://era.rkbexplorer.com/id/rank-C>"
"rkb-explorer-unlocode","Publications","<http://www.aktors.org/ontology/portal#Town>","<http://www.aktors.org/ontology/portal#Town>","<http://unlocode.rkbexplorer.com/id/FR>","<http://www.aktors.org/ontology/portal#Town>"
"rkb-explorer-risks","Publications","<http://www.aktors.org/ontology/portal#Article-Reference>","<http://www.aktors.org/ontology/portal#Article-Reference>","<http://risks.rkbexplorer.com/id/person-c447b965>","<http://www.aktors.org/ontology/portal#Person>"
"ispra-lod-place","Publications","<http://www.geonames.org/ontology#A>","<http://www.geonames.org/ontology#A>","<http://dati.isprambiente.it/id/place/lombardia>","<http://www.geonames.org/ontology#A>"
"data-szepmuveszeti-hu","Publications","<http://data.szepmuveszeti.hu/id/collections/museum/E39_Actor/f5f86cb4-b308-34b9-a73b-d40d474d735d>","<http://data.szepmuveszeti.hu/id/collections/museum/E39_Actor/f5f86cb4-b308-34b9-a73b-d40d474d735d>","<http://data.szepmuveszeti.hu/id/collections/museum/E18_Physical_Thing/szepmuveszeti.hu_object_15323>","<http://erlangen-crm.org/current/E42_Identifier>"
"rkb-explorer-dblp","Publications","<http://www.aktors.org/ontology/date#1992>","<http://www.aktors.org/ontology/portal#Person>","<http://www.aktors.org/ontology/date#1992>","<http://www.aktors.org/ontology/portal#Person>"
"vivo-indiana-university","Publications","<http://www.w3.org/2002/07/owl#Thing>","<http://www.w3.org/2002/07/owl#Thing>","<http://vivo.iu.edu/individual/academicterm2012-01-09-2012-05-04>","<http://www.w3.org/2002/07/owl#Thing>"
"stitch-rameau","Publications","<http://stitch.cs.vu.nl/vocabularies/rameau/autorites_matieres>","<http://www.w3.org/2004/02/skos/core#Concept>","<http://stitch.cs.vu.nl/vocabularies/rameau/ark:/12148/cb12037537g>","<http://www.w3.org/2004/02/skos/core#Concept>"
"data-hnm-hu","Publications","<http://id.loc.gov/ontologies/bibframe/Identifier>","<http://id.loc.gov/ontologies/bibframe/Identifier>","<http://data.hnm.hu/id/colls/lib/bib/AdminMetadata/d41d8cd9-8f00-3204-a980-0998ecf8427e>","<http://id.loc.gov/ontologies/bibframe/Distribution>"
"core","Publications","<http://core.kmi.open.ac.uk/onto/method/cosine>","<http://core.kmi.open.ac.uk/onto/method/cosine>","<http://www.marum.de/Binaries/Binary42310/IMOG2009_AbstractBook.pdf>","<http://core.kmi.open.ac.uk/onto/method/cosine>"
"lcsh","Publications","<http://purl.org/vocab/changeset/schema#ChangeSet>","<http://purl.org/vocab/changeset/schema#ChangeSet>","<http://id.loc.gov/authorities/subjects/sh85088084>","<http://www.w3.org/2008/05/skos-xl#Label>"
"radatana","Publications","<http://xmlns.com/foaf/0.1/Person>","<http://xmlns.com/foaf/0.1/Person>","<http://data.bibsys.no/data/notrbib/authorityentry/x01086153>","<http://xmlns.com/foaf/0.1/Person>"
"rkb-explorer-citeseer","Publications","<http://www.aktors.org/ontology/portal#Person>","<http://www.aktors.org/ontology/portal#Person>","<http://www.aktors.org/ontology/date#1998-01-01>","<http://www.aktors.org/ontology/portal#Person>"
"rkb-explorer-acm","Publications","<http://www.aktors.org/ontology/portal#Person>","<http://www.aktors.org/ontology/portal#Person>","<http://www.aktors.org/ontology/date#2002-01-01>","<http://www.aktors.org/ontology/portal#Person>"
"rkb-explorer-nsf","Publications","<http://www.aktors.org/ontology/support#Calendar-Date>","<http://www.aktors.org/ontology/support#Calendar-Date>","<http://nsf.rkbexplorer.com/id/address-0a866ce964e93be9ba760ec046f766e7>","<http://www.aktors.org/ontology/portal#Person>"
"twc-ieeevis","Publications","<http://purl.org/twc/vocab/conversion/curl_md5_b24c399352b6847ca803aa015fd23424>","<http://xmlns.com/foaf/0.1/OnlineAccount>","<http://purl.org/twc/vocab/conversion/curl_md5_b24c399352b6847ca803aa015fd23424>","<http://xmlns.com/foaf/0.1/OnlineAccount>"
"hebis-bibliographic-resources","Publications","<http://purl.org/vocab/frbr/core#Manifestation>","<http://purl.org/vocab/frbr/core#Manifestation>","<http://lod.hebis.de/resource/05026522>","<http://purl.org/vocab/frbr/core#Manifestation>"
"datos-bne-es","Publications","<http://iflastandards.info/ns/fr/frbr/frbrer/C1003>","<http://iflastandards.info/ns/fr/frbr/frbrer/C1003>","<http://datos.bne.es/resource/XX1522125>","<http://www.w3.org/2000/01/rdf-schema#Resource>"
"deutsche-nationalbibliografie-dnb","Publications","<http://purl.org/ontology/bibo/Document>","<http://purl.org/ontology/bibo/Document>","<http://d-nb.info/1084305828>","<http://purl.org/ontology/bibo/Document>"
"b3kat","Publications","<http://purl.org/vocab/frbr/core#Item>","<http://purl.org/vocab/frbr/core#Item>","<http://lod.b3kat.de/ssg/7.41>","<http://purl.org/vocab/frbr/core#Item>"
"lobid-resources","Publications","_:Ab0","<http://purl.org/dc/terms/BibliographicResource>","_:Ab0","<http://purl.org/dc/terms/BibliographicResource>"
"vivo-scripps-research-institute","Social_networking","<http://vitro.mannlib.cornell.edu/ns/vitro/0.7#Flag1Value1Thing>","<http://vitro.mannlib.cornell.edu/ns/vitro/0.7#Flag1Value1Thing>","<http://vivo.scripps.edu/individual/EdelmanGerald>","<http://vitro.mannlib.cornell.edu/ns/vitro/0.7#Flag1Value1Thing>"
"vivo-wustl","Social_networking","<http://www.w3.org/2002/07/owl#Thing>","<http://www.w3.org/2002/07/owl#Thing>","<http://aims.fao.org/aos/geopolitical.owl#United_States_of_America>","<http://www.w3.org/2002/07/owl#Thing>"
"vivo-weill-cornell-medical-college","Social_networking","""PubMed-Harvester""","""PubMed-Harvester""","<http://vivo.med.cornell.edu/individual/org-u468>","""PubMed-Harvester"""
"klappstuhlclub","User_generated","<http://www.w3.org/2004/02/skos/core#Concept>","<http://www.w3.org/2004/02/skos/core#Concept>","<http://www.klappstuhlclub.de/wp/posts/category/treffen_leipzig>","<http://www.w3.org/2004/02/skos/core#Concept>"
"ispra-lod-ron","User_generated","<http://dati.isprambiente.it/id/ron>","<http://dati.isprambiente.it/id/ron>","<http://dati.isprambiente.it/id/buoy/ron/venezia-09>","<http://dati.isprambiente.it/ontology/core#MarineIndicator>"
"my-experiment","User_generated","<http://rdf.myexperiment.org/ontologies/components/Link>","<http://rdf.myexperiment.org/ontologies/components/Link>","<http://www.myexperiment.org/workflows/1846/versions/1#dataflows/1>","<http://rdf.myexperiment.org/ontologies/components/Output>"
"yovisto","User_generated","<http://www.yovisto.com/ontology/0.9/VideoSegment>","<http://www.yovisto.com/ontology/0.9/VideoSegment>","<http://www.yovisto.com/resource/video/2351>","<http://www.yovisto.com/ontology/0.9/VideoSegment>"
